seed;N;max_generation;max_season_time_steps;n_sites;data_print_interval;init_resources_site;init_predator_density;mu_an;an_init;mu_bn;bn_init;mu_ax;ax_init;mu_bx;bx_init;mu_at;at_init;mu_bt;bt_init;mu_ap;ap_init;mu_bp;bp_init;mu_anu;anu_init;mu_bnu;bnu_init;mu_axo;axo_init;mu_bxo;bxo_init;sdmu;pr_base_flight_survive;flight_survive_scale;flight_survive_power;flight_survive_max_size;min_resources;f;g;generation;mean_an;mean_bn;mean_ax;mean_bx;mean_at;mean_bt;mean_ap;mean_bp;mean_anu;mean_bnu;mean_axo;mean_bxo;mean_resources;var_an;var_bn;var_ax;var_bx;var_at;var_bt;var_ap;var_bp;var_anu;var_bnu;var_axo;var_bxo;var_resources;n;n_female;n_male;file
2849328229;2500;50000;50;10;10;10;10;0.02;0;0.02;0;0.02;0;0.02;0;0.02;0;0.02;0;0;0;0;0;0.02;0;0.02;0;0.02;0;0.02;0;0.02;0.5;0.7;1;50;0;1;3;50000;-0.00113;-0.00496362;0.00109185;-0.0757961;0.00164889;5.507e-05;0;0;-0.00347228;-0.0667569;6.37794e-05;0.0821881;103.788;0.000203901;0.000237236;0.000220089;0.000525536;0.000194279;0.000192068;0;0;0.00021806;0.000328141;0.000207819;0.000527533;824.244;2395;1155;1240;./sim_cue_migration_20260718_123204_64
236141494;2500;50000;50;10;10;10;10;0.02;0;0.02;0;0.02;0;0.02;0;0.02;0;0.02;0;0;0;0;0;0.02;0;0.02;0;0.02;0;0.02;0;0.02;0.1;0.7;1;50;0;1;3;50000;-0.00181579;-0.00125101;-0.00134974;-0.0832308;-0.00344396;-0.000538238;0;0;0.00126379;-0.0840103;0.00132971;0.0940754;117.919;0.000177339;0.000214681;0.000232854;0.000125739;0.000200668;0.000185402;0;0;0.000183194;-0.00017112;0.000172032;-0.000119013;-24.7997;2355;1225;1130;./sim_cue_migration_20260718_123204_63
4158396271;2500;50000;50;10;10;10;10;0.02;0;0.02;0;0.02;0;0.02;0;0.02;0;0.02;0;0;0;0;0;0.02;0;0.02;0;0.02;0;0.02;0;0.02;0.05;0.7;1;50;0;1;3;50000;-0.00214813;-0.00437533;0.00144061;-0.0760871;-0.00113448;0.000272948;0;0;0.000185381;-0.0746267;-0.00405552;0.0754094;109.064;0.000220287;0.000218445;0.000178476;0.000273047;0.00021351;0.000180977;0;0;0.00018487;4.01854e-05;0.000180441;3.03861e-05;350.196;2329;1178;1151;./sim_cue_migration_20260718_123204_62
2159446724;2500;50000;50;10;10;10;10;0.02;0;0.02;0;0.02;0;0.02;0;0.02;0;0.02;0;0;0;0;0;0.02;0;0.02;0;0.02;0;0.02;0;0.02;0.01;0.7;1;50;0;1;3;50000;-0.000437727;-0.00517422;-0.000314672;-0.0744357;0.00299444;-0.000664795;0;0;-0.000911156;-0.0781424;0.000917883;0.0812916;115.71;0.000209905;0.00017357;0.000221003;0.000420461;0.000156628;0.000154746;0;0;0.0002058;0.000140471;0.000194743;0.000193769;686.521;2314;1143;1171;./sim_cue_migration_20260718_123204_61
3074346235;2500;50000;50;10;10;10;10;0.02;0;0.02;0;0.02;0;0.02;0;0.02;0;0.02;0;0;0;0;0;0.02;0;0.02;0;0.02;0;0.02;0;0.02;0.01;0.7;1;50;0;2;3;50000;-0.00657347;-0.0284266;-0.00128522;-0.0812732;0.000656077;-0.00175105;0;0;-0.00377655;0.0451236;0.00474185;0.000746797;17.5133;0.000229172;0.000845587;0.000290337;-3.49489e-05;0.000162085;0.000198581;0;0;0.000161932;5.23882e-05;0.000218939;0.000266707;66.6994;863;452;411;./sim_cue_migration_20260718_123204_65
3641744993;2500;50000;50;10;10;10;10;0.02;0;0.02;0;0.02;0;0.02;0;0.02;0;0.02;0;0;0;0;0;0.02;0;0.02;0;0.02;0;0.02;0;0.02;0.05;0.7;1;50;0;2;3;50000;-0.00339936;-0.0361107;0.000703811;-0.0790821;0.00522365;0.00209619;0;0;0.00163358;0.0472688;0.000756766;0.00164799;16.2077;0.000209681;0.00102288;0.000198548;0.000360904;0.00024042;0.000163757;0;0;0.000201113;0.00015282;0.000171435;0.000260447;47.0716;915;455;460;./sim_cue_migration_20260718_123204_66
2151521524;2500;50000;50;10;10;10;10;0.02;0;0.02;0;0.02;0;0.02;0;0.02;0;0.02;0;0;0;0;0;0.02;0;0.02;0;0.02;0;0.02;0;0.02;0.1;0.7;1;50;0;2;3;50000;0.00580567;-0.0554885;-0.00337969;-0.0736475;-0.000803869;-0.00403571;0;0;-0.00136265;0.0510819;-0.00678951;4.46993e-06;16.219;0.000235614;0.000645367;0.00023147;9.54331e-05;0.000317732;0.000237443;0;0;0.00023817;0.000151527;0.00017072;0.000189926;78.2884;886;456;430;./sim_cue_migration_20260718_123204_67
3556685095;2500;50000;50;10;10;10;10;0.02;0;0.02;0;0.02;0;0.02;0;0.02;0;0.02;0;0;0;0;0;0.02;0;0.02;0;0.02;0;0.02;0;0.02;0.5;0.7;1;50;0;2;3;50000;0.000275295;-0.0395127;-0.00401422;-0.0769028;-0.00179081;-0.000328348;0;0;-0.00118443;-0.00697741;-0.00158414;0.0156174;102.473;0.000153643;0.000713401;0.000205468;7.53313e-05;0.000197507;0.000162541;0;0;0.000168928;3.5079e-07;0.000197592;6.55054e-05;955.346;1743;888;855;./sim_cue_migration_20260718_123204_68
559000579;2500;50000;50;10;10;10;10;0.02;0;0.02;0;0.02;0;0.02;0;0.02;0;0.02;0;0;0;0;0;0.02;0;0.02;0;0.02;0;0.02;0;0.02;0.01;0.7;1;50;0;3;3;50000;-0.00196563;-0.03506;-0.00123672;-0.0877704;0.000980589;-0.0064338;0;0;-0.000236341;0.0559106;-0.00673115;0.00594731;16.9498;0.00018011;0.000643129;0.000151539;0.000209497;0.000239511;0.000153836;0;0;0.000220662;0.000227749;0.000194259;0.000203163;177.725;737;371;366;./sim_cue_migration_20260718_123204_69
3915485506;2500;50000;50;10;10;10;10;0.02;0;0.02;0;0.02;0;0.02;0;0.02;0;0.02;0;0;0;0;0;0.02;0;0.02;0;0.02;0;0.02;0;0.02;0.05;0.7;1;50;0;3;3;50000;-0.000469423;-0.0240277;0.00172209;-0.0793388;-0.00191144;0.00227339;0;0;-0.00472522;0.0545499;-9.33478e-05;-0.000709905;15.1566;0.000237969;0.000413517;0.000188723;0.000182566;0.00023728;0.000154345;0;0;0.000214632;0.000225794;0.000110092;0.000232517;56.8683;728;367;361;./sim_cue_migration_20260718_123204_70
750631146;2500;50000;50;10;10;10;10;0.02;0;0.02;0;0.02;0;0.02;0;0.02;0;0.02;0;0;0;0;0;0.02;0;0.02;0;0.02;0;0.02;0;0.02;0.5;0.7;1;50;0;3;3;50000;-0.00286987;-0.0382363;0.0058949;-0.0842014;-0.00341773;-0.00217448;0;0;0.00191219;0.0375248;0.00164811;0.0022673;16.9451;0.000158904;0.000731431;0.000176039;0.000234055;0.000206888;0.000288986;0;0;0.000199484;0.00013632;0.000242568;0.000175755;280.132;802;397;405;./sim_cue_migration_20260718_123204_72
3236035334;2500;50000;50;10;10;10;10;0.02;0;0.02;0;0.02;0;0.02;0;0.02;0;0.02;0;0;0;0;0;0.02;0;0.02;0;0.02;0;0.02;0;0.02;0.1;0.7;1;50;0;3;3;50000;-0.00213429;-0.0321502;-0.00158692;-0.0864174;2.70967e-05;0.00234693;0;0;-0.0014246;0.0419143;0.00164733;0.0036047;15.911;0.000193886;0.000496895;0.00018203;0.000192783;0.000159272;0.000220253;0;0;0.000225018;0.000142619;0.000208981;0.000211178;89.2172;764;389;375;./sim_cue_migration_20260718_123204_71
2568358397;2500;50000;50;10;10;10;10;0.02;0;0.02;0;0.02;0;0.02;0;0.02;0;0.02;0;0;0;0;0;0.02;0;0.02;0;0.02;0;0.02;0;0.02;0.01;0.7;1;50;0;1;3;50000;-0.000774212;-0.00395277;0.000473194;-0.0849387;-0.00138369;0.000519298;0;0;-0.000712393;-0.0743419;-0.00079332;0.0805715;104.141;0.000216571;0.000211184;0.000186837;0.000629495;0.00022267;0.000190207;0;0;0.000180785;0.000202882;0.000205179;0.000242603;683.271;2273;1114;1159;./sim_cue_migration_20260718_123204_73
4081590189;2500;50000;50;10;10;10;10;0.02;0;0.02;0;0.02;0;0.02;0;0.02;0;0.02;0;0;0;0;0;0.02;0;0.02;0;0.02;0;0.02;0;0.02;0.05;0.7;1;50;0;1;3;50000;-0.00107876;-0.00105298;0.000185818;-0.0728696;-0.000207824;6.10775e-05;0;0;-0.00495038;-0.0744256;-0.000341034;0.0836445;110.45;0.000173727;0.000168962;0.000170094;0.00039573;0.000160401;0.00019471;0;0;0.000214424;9.92703e-05;0.000214202;0.000226555;574.738;2261;1121;1140;./sim_cue_migration_20260718_123204_74
3150553892;2500;50000;50;10;10;10;10;0.02;0;0.02;0;0.02;0;0.02;0;0.02;0;0.02;0;0;0;0;0;0.02;0;0.02;0;0.02;0;0.02;0;0.02;0.5;0.7;1;50;0;1;3;50000;-0.000484956;-0.0034903;-0.00291001;-0.0765786;0.00386838;0.000195612;0;0;0.0015635;-0.0716924;0.000383454;0.0793447;104.678;0.000226138;0.000230074;0.00021008;0.000352994;0.000155194;0.000180038;0;0;0.000173801;0.000268732;0.000172428;0.000123967;462.518;2413;1207;1206;./sim_cue_migration_20260718_123204_76
1018040327;2500;50000;50;10;10;10;10;0.02;0;0.02;0;0.02;0;0.02;0;0.02;0;0.02;0;0;0;0;0;0.02;0;0.02;0;0.02;0;0.02;0;0.02;0.1;0.7;1;50;0;1;3;50000;-0.000148791;-0.00436301;-0.000892201;-0.0743512;0.00098118;0.000573831;0;0;0.00175005;-0.074317;0.00281427;0.0909367;107.97;0.000204557;0.000207627;0.000221896;0.0004353;0.000194186;0.000175748;0;0;0.000202454;0.00025373;0.000194905;0.000422781;770.121;2303;1118;1185;./sim_cue_migration_20260718_123204_75
2425827651;2500;50000;50;10;10;10;10;0.02;0;0.02;0;0.02;0;0.02;0;0.02;0;0.02;0;0;0;0;0;0.02;0;0.02;0;0.02;0;0.02;0;0.02;0.1;0.7;1;50;0;2;3;50000;0.00331796;-0.0234133;-0.00183892;-0.0867279;0.00483265;0.00201122;0;0;-0.00193621;0.0552988;-3.6504e-05;-0.000193662;16.8127;0.0001997;0.000599374;0.000156488;0.000271193;0.000285197;0.000178114;0;0;0.000201356;0.000195224;0.000172925;0.000205244;121.855;881;445;436;./sim_cue_migration_20260718_123204_79
1988810867;2500;50000;50;10;10;10;10;0.02;0;0.02;0;0.02;0;0.02;0;0.02;0;0.02;0;0;0;0;0;0.02;0;0.02;0;0.02;0;0.02;0;0.02;0.01;0.7;1;50;0;2;3;50000;-0.000671103;-0.0275954;-0.00432739;-0.0721533;0.00182358;-0.000703873;0;0;-0.00063748;0.049915;-0.00252322;0.0023968;16.1509;0.000197163;0.00060218;0.000259566;0.00047393;0.000160106;0.000130376;0;0;0.000143022;0.000326716;0.000185514;0.000145864;129.93;941;454;487;./sim_cue_migration_20260718_123204_77
2649955714;2500;50000;50;10;10;10;10;0.02;0;0.02;0;0.02;0;0.02;0;0.02;0;0.02;0;0;0;0;0;0.02;0;0.02;0;0.02;0;0.02;0;0.02;0.05;0.7;1;50;0;2;3;50000;0.00169791;-0.0301762;-0.00731678;-0.0876562;0.000285896;0.00572341;0;0;0.0021142;0.0596612;0.00346221;-0.00620475;17.5524;0.000218984;0.000551641;0.000178577;-0.000221431;0.000259515;0.000262325;0;0;0.000181695;3.41546e-05;0.000214712;0.000213061;26.9749;907;485;422;./sim_cue_migration_20260718_123204_78
1349593549;2500;50000;50;10;10;10;10;0.02;0;0.02;0;0.02;0;0.02;0;0.02;0;0.02;0;0;0;0;0;0.02;0;0.02;0;0.02;0;0.02;0;0.02;0.5;0.7;1;50;0;2;3;50000;-0.00137269;-0.0311096;0.00248108;-0.0783483;-0.000376417;-0.000131765;0;0;0.00113514;-0.00689355;-0.00111451;0.015172;99.3459;0.000184419;0.000611255;0.000203038;0.00010551;0.000236821;0.000209892;0;0;0.00018742;1.97759e-06;0.000192717;7.28143e-05;769.797;1755;896;859;./sim_cue_migration_20260718_123204_80
1056953649;2500;50000;50;10;10;10;10;0.02;0;0.02;0;0.02;0;0.02;0;0.02;0;0.02;0;0;0;0;0;0.02;0;0.02;0;0.02;0;0.02;0;0.02;0.1;0.7;1;50;0;2;3;50000;-0.00285721;-0.0469593;-0.00159815;-0.0868665;-0.00287444;0.00123958;0;0;0.00263136;0.0537558;0.00274417;0.00206439;17.2657;0.000206099;0.000826338;0.000220622;0.00027066;0.000231431;0.000186644;0;0;0.000231161;0.000170472;0.000190787;0.000157403;85.4996;926;468;458;./sim_cue_migration_20260718_123204_91
2629317283;2500;50000;50;10;10;10;10;0.02;0;0.02;0;0.02;0;0.02;0;0.02;0;0.02;0;0;0;0;0;0.02;0;0.02;0;0.02;0;0.02;0;0.02;0.5;0.7;1;50;0;2;3;50000;0.00220544;-0.0383508;-0.00109785;-0.0827088;-5.24935e-05;-0.00261788;0;0;0.00406561;-0.00694973;-0.0023499;0.0129801;104.091;0.000169725;0.00061625;0.000169434;9.74465e-05;0.000148051;0.000169164;0;0;0.000191151;1.2016e-06;0.00018507;8.81873e-05;651.144;1738;890;848;./sim_cue_migration_20260718_123204_92
3483768565;2500;50000;50;10;10;10;10;0.02;0;0.02;0;0.02;0;0.02;0;0.02;0;0.02;0;0;0;0;0;0.02;0;0.02;0;0.02;0;0.02;0;0.02;0.1;0.7;1;50;0;3;3;50000;-0.0017324;-0.0419584;0.000770293;-0.0942216;-0.00200194;6.44251e-05;0;0;0.00432891;0.051434;-0.0021807;0.00516845;17.133;0.000231559;0.00088592;0.000206413;-1.68078e-05;0.000207157;0.000204276;0;0;0.000284133;8.53328e-05;0.000245573;0.000235975;85.7266;782;402;380;./sim_cue_migration_20260718_123204_95
2018851676;2500;50000;50;10;10;10;10;0.02;0;0.02;0;0.02;0;0.02;0;0.02;0;0.02;0;0;0;0;0;0.02;0;0.02;0;0.02;0;0.02;0;0.02;0.05;0.7;1;50;0;3;3;50000;-1.89494e-05;-0.0125547;-0.00128978;-0.0890977;-0.00097991;-0.000560745;0;0;-0.00291131;0.0495522;-0.000899443;-0.000442472;15.8406;0.00013553;0.000281353;0.000150616;-1.87239e-05;0.000189274;0.000166208;0;0;0.000183025;0.000104229;0.000197716;0.000155413;55.445;778;402;376;./sim_cue_migration_20260718_123204_94
1940321528;2500;50000;50;10;10;10;10;0.02;0;0.02;0;0.02;0;0.02;0;0.02;0;0.02;0;0;0;0;0;0.02;0;0.02;0;0.02;0;0.02;0;0.02;0.5;0.7;1;50;0;3;3;50000;0.00101329;-0.049404;0.00153885;-0.0817707;-0.00492512;0.00404768;0;0;-2.20612e-05;0.0532825;0.00050448;0.00260791;15.7358;0.000185634;0.000712501;0.000177036;6.87229e-05;0.00016188;0.000177283;0;0;0.00021792;0.000142375;0.000188421;0.000185466;130.292;795;405;390;./sim_cue_migration_20260718_123204_96
2501287996;2500;50000;50;10;10;10;10;0.02;0;0.02;0;0.02;0;0.02;0;0.02;0;0.02;0;0;0;0;0;0.02;0;0.02;0;0.02;0;0.02;0;0.02;0.01;0.7;1;50;0;3;3;50000;-0.00374507;-0.0443847;0.00234428;-0.0822319;-0.00434168;-0.00177161;0;0;0.00201992;0.0567014;0.00280801;-0.00132725;15.7282;0.000308847;0.000866627;0.000195419;0.000136051;0.000136431;0.000221584;0;0;0.000179108;0.000238713;0.000130009;0.000144306;136.298;758;383;375;./sim_cue_migration_20260718_123204_93
4115381730;2500;50000;50;10;10;10;10;0.02;0;0.02;0;0.02;0;0.02;0;0.02;0;0.02;0;0;0;0;0;0.02;0;0.02;0;0.02;0;0.02;0;0.02;0.01;0.7;1;50;0;1;3;50000;-0.00343485;-0.00432214;0.00122821;-0.0755037;-0.00335393;0.00157451;0;0;0.00218666;-0.0811887;0.000952094;0.0782721;120.859;0.000230417;0.000207707;0.000234855;0.000249515;0.00014721;0.000202186;0;0;0.000205358;1.05097e-05;0.000176943;9.4931e-05;294.779;2289;1157;1132;./sim_cue_migration_20260718_123204_97
3563601926;2500;50000;50;10;10;10;10;0.02;0;0.02;0;0.02;0;0.02;0;0.02;0;0.02;0;0;0;0;0;0.02;0;0.02;0;0.02;0;0.02;0;0.02;0.05;0.7;1;50;0;1;3;50000;0.000992303;-0.00300514;-0.00294522;-0.0849003;0.00119986;-0.000778323;0;0;0.00362887;-0.0744191;-0.0010513;0.0936163;108.51;0.000206439;0.000184004;0.00020782;0.000312329;0.000190995;0.000190892;0;0;0.000189427;-2.68881e-05;0.000196885;-1.24976e-06;241.295;2339;1191;1148;./sim_cue_migration_20260718_123204_98
386699528;2500;50000;50;10;10;10;10;0.02;0;0.02;0;0.02;0;0.02;0;0.02;0;0.02;0;0;0;0;0;0.02;0;0.02;0;0.02;0;0.02;0;0.02;0.5;0.7;1;50;0;2;3;50000;-7.72994e-05;-0.0407014;0.000671602;-0.0754426;0.00131008;-0.00123371;0;0;0.000599787;-0.0068276;-0.000693359;0.0154585;94.9653;0.000186591;0.000928703;0.000165858;0.000251569;0.000206078;0.000215772;0;0;0.000174247;2.89532e-06;0.000186733;7.7479e-05;913.4;1730;858;872;./sim_cue_migration_20260718_123204_104
1040394909;2500;50000;50;10;10;10;10;0.02;0;0.02;0;0.02;0;0.02;0;0.02;0;0.02;0;0;0;0;0;0.02;0;0.02;0;0.02;0;0.02;0;0.02;0.5;0.7;1;50;0;1;3;50000;-0.00190619;-0.0047301;-0.00138181;-0.0778259;0.000369548;-0.00107854;0;0;0.00352126;-0.0708923;-0.000149406;0.0749233;105.35;0.000228881;0.000280286;0.000166499;0.00068273;0.000191122;0.000181388;0;0;0.000192256;0.000550387;0.000159117;0.000422147;926.915;2378;1143;1235;./sim_cue_migration_20260718_123204_100
643602239;2500;50000;50;10;10;10;10;0.02;0;0.02;0;0.02;0;0.02;0;0.02;0;0.02;0;0;0;0;0;0.02;0;0.02;0;0.02;0;0.02;0;0.02;0.1;0.7;1;50;0;1;3;50000;-0.00321624;-0.00454804;-0.00205444;-0.0721864;-4.25547e-05;-0.000198566;0;0;-0.000680919;-0.067236;-0.000390919;0.070082;110.623;0.000208736;0.000230015;0.00016512;0.000453951;0.000182465;0.000175462;0;0;0.000183235;0.000188108;0.000199423;0.000203445;753.42;2243;1095;1148;./sim_cue_migration_20260718_123204_99
956446092;2500;50000;50;10;10;10;10;0.02;0;0.02;0;0.02;0;0.02;0;0.02;0;0.02;0;0;0;0;0;0.02;0;0.02;0;0.02;0;0.02;0;0.02;0.1;0.7;1;50;0;2;3;50000;-0.00292866;-0.0441459;0.00380991;-0.0844387;-0.000223561;-0.00291503;0;0;0.00520668;0.0519263;-0.000489161;-0.00239729;16.7319;0.000211154;0.00102137;0.000209467;-2.79486e-05;0.000219258;0.000224956;0;0;0.000258225;6.35069e-05;0.000222998;0.000189018;68.4678;869;457;412;./sim_cue_migration_20260718_123204_103
2900083131;2500;50000;50;10;10;10;10;0.02;0;0.02;0;0.02;0;0.02;0;0.02;0;0.02;0;0;0;0;0;0.02;0;0.02;0;0.02;0;0.02;0;0.02;0.01;0.7;1;50;0;3;3;50000;-0.00146315;-0.0388743;-0.00556727;-0.0732154;-0.000582749;-0.00171839;0;0;0.00152232;0.0535625;0.000334927;-0.00457465;14.5241;0.000155258;0.000918564;0.000177708;-5.08736e-05;0.00021508;0.000100063;0;0;0.000262581;0.000257418;0.000271043;0.000285764;94.5157;706;367;339;./sim_cue_migration_20260718_123204_105
769910003;2500;50000;50;10;10;10;10;0.02;0;0.02;0;0.02;0;0.02;0;0.02;0;0.02;0;0;0;0;0;0.02;0;0.02;0;0.02;0;0.02;0;0.02;0.1;0.7;1;50;0;3;3;50000;0.00113028;-0.0484158;0.000566196;-0.0677669;-0.00211865;0.000630746;0;0;0.00092798;0.0457951;-0.00188814;0.000456721;14.2759;0.000153244;0.000861781;0.000285541;0.000481753;0.000160456;0.000177832;0;0;0.000132521;0.000328777;0.000287013;0.00013667;107.452;754;355;399;./sim_cue_migration_20260718_123204_107
4080168784;2500;50000;50;10;10;10;10;0.02;0;0.02;0;0.02;0;0.02;0;0.02;0;0.02;0;0;0;0;0;0.02;0;0.02;0;0.02;0;0.02;0;0.02;0.01;0.7;1;50;0;2;3;50000;-0.000303269;-0.0365316;0.00193292;-0.0842547;0.00117663;-0.000512204;0;0;0.00268377;0.0520121;-0.00256452;0.00213342;16.6259;0.000234068;0.000853872;0.000170652;0.000134338;0.000201402;0.000152828;0;0;0.00015489;0.000248962;0.000194524;0.00015344;75.2455;882;447;435;./sim_cue_migration_20260718_123204_101
583966505;2500;50000;50;10;10;10;10;0.02;0;0.02;0;0.02;0;0.02;0;0.02;0;0.02;0;0;0;0;0;0.02;0;0.02;0;0.02;0;0.02;0;0.02;0.05;0.7;1;50;0;2;3;50000;-0.00217562;-0.0373761;-0.00240337;-0.075785;0.00170635;-0.00094954;0;0;0.00296335;0.0551544;0.00152224;0.00444601;16.1788;0.000174988;0.000879787;0.000209552;0.000252975;0.000186313;0.000238454;0;0;0.000224006;0.000265936;0.000201447;0.000185489;78.7384;906;453;453;./sim_cue_migration_20260718_123204_102
1830910569;2500;50000;50;10;10;10;10;0.02;0;0.02;0;0.02;0;0.02;0;0.02;0;0.02;0;0;0;0;0;0.02;0;0.02;0;0.02;0;0.02;0;0.02;0.01;0.7;1;50;0;1;3;50000;-7.71083e-05;-0.000941728;0.000114046;-0.0819768;-0.00148245;-0.00224982;0;0;-0.00239651;-0.0722998;0.00300214;0.0810218;109.163;0.000199908;0.000178443;0.000172859;0.000198668;0.000194474;0.00018955;0;0;0.000234237;-2.65118e-05;0.000319191;-8.3344e-06;212.301;2338;1194;1144;./sim_cue_migration_20260718_123204_109
1146742079;2500;50000;50;10;10;10;10;0.02;0;0.02;0;0.02;0;0.02;0;0.02;0;0.02;0;0;0;0;0;0.02;0;0.02;0;0.02;0;0.02;0;0.02;0.05;0.7;1;50;0;3;3;50000;-0.00320101;-0.0115036;-0.00221602;-0.0869642;0.00210137;0.000709745;0;0;-0.000883339;0.0524042;0.00232067;-0.00122585;15.466;0.000197217;0.00024928;0.000161057;0.000467571;0.000169808;0.00035349;0;0;0.000197261;0.000330667;0.000135531;0.00017172;59.0627;779;380;399;./sim_cue_migration_20260718_123204_106
2219470902;2500;50000;50;10;10;10;10;0.02;0;0.02;0;0.02;0;0.02;0;0.02;0;0.02;0;0;0;0;0;0.02;0;0.02;0;0.02;0;0.02;0;0.02;0.5;0.7;1;50;0;3;3;50000;-0.000470605;-0.0469587;-8.18804e-05;-0.0955185;0.00293416;-0.00471106;0;0;0.00333174;0.0459579;-0.000103942;0.00417052;17.6375;0.000235659;0.000807936;0.00018779;-8.12211e-05;0.000223006;0.000204662;0;0;0.000155341;7.66855e-05;0.000249517;0.00018671;114.324;778;404;374;./sim_cue_migration_20260718_123204_108
3800761579;2500;50000;50;10;10;10;10;0.02;0;0.02;0;0.02;0;0.02;0;0.02;0;0.02;0;0;0;0;0;0.02;0;0.02;0;0.02;0;0.02;0;0.02;0.05;0.7;1;50;0;1;3;50000;0.00109302;-0.00347829;0.000510632;-0.0735064;-0.000746938;-0.00088755;0;0;-0.00222153;-0.0791333;-0.00115748;0.0827849;110.777;0.000209209;0.000184282;0.000232802;0.000242525;0.000178558;0.000196148;0;0;0.000202109;1.24158e-05;0.000218059;1.49136e-05;340.587;2350;1189;1161;./sim_cue_migration_20260718_123204_110
4023213499;2500;50000;50;10;10;10;10;0.02;0;0.02;0;0.02;0;0.02;0;0.02;0;0.02;0;0;0;0;0;0.02;0;0.02;0;0.02;0;0.02;0;0.02;0.5;0.7;1;50;0;2;3;50000;0.0013499;-0.0439997;-0.00687874;-0.0812166;-0.000901258;-0.0020964;0;0;0.00247944;-0.0068559;-2.01882e-05;0.0116614;98.3431;0.000179639;0.00087144;0.000190969;0.000340163;0.000197214;0.000193341;0;0;0.000179624;3.99944e-06;0.000175536;7.20309e-05;828.246;1778;890;888;./sim_cue_migration_20260718_123204_32
4158263444;2500;50000;50;10;10;10;10;0.02;0;0.02;0;0.02;0;0.02;0;0.02;0;0.02;0;0;0;0;0;0.02;0;0.02;0;0.02;0;0.02;0;0.02;0.1;0.7;1;50;0;2;3;50000;-0.00369854;-0.0107393;-0.00303787;-0.0764539;-0.000447061;0.000694714;0;0;0.00231286;-0.00659775;-0.000736616;0.0173577;104.68;0.000185375;0.000163314;0.000151031;0.000411996;0.000165471;0.000167132;0;0;0.000186067;2.42706e-06;0.000181013;5.58347e-05;1651.95;1167;568;599;./sim_cue_migration_20260718_123204_31
2693819419;2500;50000;50;10;10;10;10;0.02;0;0.02;0;0.02;0;0.02;0;0.02;0;0.02;0;0;0;0;0;0.02;0;0.02;0;0.02;0;0.02;0;0.02;0.05;0.7;1;50;0;3;3;50000;0.00285599;-0.0103667;-0.00541095;-0.0816411;-0.00161681;0.00283041;0;0;0.000417889;0.0711885;0.00517072;0.00222443;16.3393;0.000232348;0.000249708;0.00022415;0.00031802;0.000181616;0.00040345;0;0;0.000154237;0.000566861;0.000203596;0.000204505;165.602;784;388;396;./sim_cue_migration_20260718_123204_34
2315024963;2500;50000;50;10;10;10;10;0.02;0;0.02;0;0.02;0;0.02;0;0.02;0;0.02;0;0;0;0;0;0.02;0;0.02;0;0.02;0;0.02;0;0.02;0.5;0.7;1;50;0;3;3;50000;-0.00169891;-0.0376945;-0.000288613;-0.0780385;0.00225429;-0.00251975;0;0;-0.00462321;0.042527;0.00798227;-0.00265566;14.6203;0.000138392;0.000727142;0.000177831;0.00030924;0.00021102;0.00017643;0;0;0.000161058;0.000153366;0.000212489;0.000228914;85.312;719;363;356;./sim_cue_migration_20260718_123204_36
785523290;2500;50000;50;10;10;10;10;0.02;0;0.02;0;0.02;0;0.02;0;0.02;0;0.02;0;0;0;0;0;0.02;0;0.02;0;0.02;0;0.02;0;0.02;0.01;0.7;1;50;0;3;3;50000;0.00376639;-0.0374211;0.00158224;-0.0918799;0.00460012;-0.00336148;0;0;0.00064249;0.0555694;-0.00184576;-0.000562156;15.9158;0.000273647;0.000762006;0.000227329;-0.000308337;0.00022633;0.000175122;0;0;0.000184211;4.01291e-05;0.00014208;0.000205069;92.9508;760;409;351;./sim_cue_migration_20260718_123204_33
1439166680;2500;50000;50;10;10;10;10;0.02;0;0.02;0;0.02;0;0.02;0;0.02;0;0.02;0;0;0;0;0;0.02;0;0.02;0;0.02;0;0.02;0;0.02;0.1;0.7;1;50;0;3;3;50000;-0.000170588;-0.0399111;-0.00012276;-0.0920877;-0.00596903;-0.00290803;0;0;-0.00427217;0.0466099;-0.0020991;0.00181565;17.8941;0.000240844;0.00098249;0.00023947;-0.000189055;0.000223475;0.000168083;0;0;0.000242514;7.00014e-05;0.00020552;0.000178369;234.761;793;418;375;./sim_cue_migration_20260718_123204_35
1890369735;2500;50000;50;10;10;10;10;0.02;0;0.02;0;0.02;0;0.02;0;0.02;0;0.02;0;0;0;0;0;0.02;0;0.02;0;0.02;0;0.02;0;0.02;0.05;0.7;1;50;0;1;3;50000;0.000682892;-0.00335219;0.0003823;-0.0745903;-0.0021687;-0.00234642;0;0;0.00129412;-0.0703239;0.000631204;0.0781021;105.112;0.000170598;0.000189714;0.000199064;0.000577269;0.000181911;0.000214705;0;0;0.00016052;0.000269068;0.000135559;0.000336165;876.038;2264;1086;1178;./sim_cue_migration_20260718_123204_38
1239313197;2500;50000;50;10;10;10;10;0.02;0;0.02;0;0.02;0;0.02;0;0.02;0;0.02;0;0;0;0;0;0.02;0;0.02;0;0.02;0;0.02;0;0.02;0.01;0.7;1;50;0;1;3;50000;-0.0014248;-0.00556534;0.000764049;-0.0772199;0.00106148;0.00159639;0;0;0.00162927;-0.0794322;0.00275604;0.0893796;107.158;0.000199866;0.000179823;0.000202417;0.000195313;0.000190691;0.000185887;0;0;0.000247178;-9.18491e-05;0.000195571;-2.24206e-06;164.471;2249;1155;1094;./sim_cue_migration_20260718_123204_37
2421562237;2500;50000;50;10;10;10;10;0.02;0;0.02;0;0.02;0;0.02;0;0.02;0;0.02;0;0;0;0;0;0.02;0;0.02;0;0.02;0;0.02;0;0.02;0.1;0.7;1;50;0;1;3;50000;-0.00129905;-0.00480804;-0.00317779;-0.0740052;0.0040414;-0.000869452;0;0;-0.00323472;-0.0811409;-0.00110962;0.0897402;106.42;0.000261413;0.000248577;0.000169935;0.000123525;0.000215767;0.00026339;0;0;0.000184591;-0.00012374;0.000232239;-0.000150558;120.109;2326;1200;1126;./sim_cue_migration_20260718_123204_39
1079285955;2500;50000;50;10;10;10;10;0.02;0;0.02;0;0.02;0;0.02;0;0.02;0;0.02;0;0;0;0;0;0.02;0;0.02;0;0.02;0;0.02;0;0.02;0.01;0.7;1;50;0;2;3;50000;-0.000557607;-0.0229088;5.96349e-05;-0.082634;-0.000729863;0.00298619;0;0;-0.00244676;0.0483738;-0.0031869;-0.00320855;15.2267;0.000133303;0.000440971;0.000161201;0.00043991;0.000158884;0.000174706;0;0;0.000200428;0.000262772;0.00018592;0.000311429;55.1797;900;436;464;./sim_cue_migration_20260718_123204_41
687990751;2500;50000;50;10;10;10;10;0.02;0;0.02;0;0.02;0;0.02;0;0.02;0;0.02;0;0;0;0;0;0.02;0;0.02;0;0.02;0;0.02;0;0.02;0.1;0.7;1;50;0;2;3;50000;-0.00218037;-0.0428629;0.00205796;-0.0829812;0.000519812;-0.00294117;0;0;0.00148535;0.0477451;-0.00165695;0.00322777;16.6873;0.000219185;0.0009638;0.000166383;0.00020287;0.000211678;0.000173859;0;0;0.000190081;0.000180223;0.000227062;0.000213921;113.099;873;439;434;./sim_cue_migration_20260718_123204_43
3467684284;2500;50000;50;10;10;10;10;0.02;0;0.02;0;0.02;0;0.02;0;0.02;0;0.02;0;0;0;0;0;0.02;0;0.02;0;0.02;0;0.02;0;0.02;0.5;0.7;1;50;0;1;3;50000;0.000227849;-0.00152955;-0.000391393;-0.0826604;-0.00119622;-0.000164294;0;0;0.000250919;-0.0643749;0.000149235;0.0818731;103.287;0.000221899;0.00023205;0.000159518;0.000579372;0.000188544;0.00023621;0;0;0.000186487;0.00025659;0.00018534;0.000369098;694.023;2414;1181;1233;./sim_cue_migration_20260718_123204_40
3726528046;2500;50000;50;10;10;10;10;0.02;0;0.02;0;0.02;0;0.02;0;0.02;0;0.02;0;0;0;0;0;0.02;0;0.02;0;0.02;0;0.02;0;0.02;0.05;0.7;1;50;0;2;3;50000;0.00059258;-0.00990355;-0.00538979;-0.0972221;0.00325329;0.000466625;0;0;0.00250271;0.0605116;-0.00562564;0.00521191;17.9849;0.000181709;0.000204143;0.000188473;0.000195406;0.000224349;0.000175494;0;0;0.000204055;0.000187935;0.000351253;0.000237198;108.515;928;477;451;./sim_cue_migration_20260718_123204_42
771466699;2500;50000;50;10;10;10;10;0.02;0;0.02;0;0.02;0;0.02;0;0.02;0;0.02;0;0;0;0;0;0.02;0;0.02;0;0.02;0;0.02;0;0.02;0.5;0.7;1;50;0;2;3;50000;0.00111753;-0.0354375;-0.00131327;-0.0763083;-0.00132963;-0.00532526;0;0;0.000363364;-0.00660133;0.0010656;0.0143157;95.6422;0.000193114;0.000864762;0.000180252;0.000364757;0.000144679;0.00018761;0;0;0.000192454;1.76367e-06;0.000164907;7.09287e-05;985.758;1733;859;874;./sim_cue_migration_20260718_123204_44
2258327436;2500;50000;50;10;10;10;10;0.02;0;0.02;0;0.02;0;0.02;0;0.02;0;0.02;0;0;0;0;0;0.02;0;0.02;0;0.02;0;0.02;0;0.02;0.01;0.7;1;50;0;3;3;50000;-0.00496289;-0.0397478;-0.00191191;-0.0833458;-0.00143283;0.000248652;0;0;-0.00141803;0.0492987;-0.000933351;-0.000673628;15.6463;0.00030459;0.000617034;0.000196548;7.20238e-05;0.000155444;0.000124221;0;0;0.000120099;9.32276e-05;0.000227541;0.000182869;47.7653;803;412;391;./sim_cue_migration_20260718_123204_45
2063869572;2500;50000;50;10;10;10;10;0.02;0;0.02;0;0.02;0;0.02;0;0.02;0;0.02;0;0;0;0;0;0.02;0;0.02;0;0.02;0;0.02;0;0.02;0.05;0.7;1;50;0;3;3;50000;0.00156564;-0.02883;-0.00401139;-0.0784648;-0.00302705;-0.00389235;0;0;0.00435944;0.0461043;0.000503941;0.00167896;14.0852;0.00013881;0.000702573;0.000167342;0.000576663;0.000198343;0.000160102;0;0;0.000132826;0.000300478;0.000195039;0.000197208;67.8196;751;355;396;./sim_cue_migration_20260718_123204_46
2860089810;2500;50000;50;10;10;10;10;0.02;0;0.02;0;0.02;0;0.02;0;0.02;0;0.02;0;0;0;0;0;0.02;0;0.02;0;0.02;0;0.02;0;0.02;0.5;0.7;1;50;0;3;3;50000;0.000698003;-0.0279014;0.000993936;-0.0761707;-0.00217022;-0.00229055;0;0;-0.000902886;0.04531;-0.00391303;0.00441432;15.6498;0.000295902;0.000655604;0.00024384;5.64501e-05;0.000203189;0.000188692;0;0;0.000175009;0.000100314;0.000197551;0.00019222;165.115;771;398;373;./sim_cue_migration_20260718_123204_48
2212026007;2500;50000;50;10;10;10;10;0.02;0;0.02;0;0.02;0;0.02;0;0.02;0;0.02;0;0;0;0;0;0.02;0;0.02;0;0.02;0;0.02;0;0.02;0.1;0.7;1;50;0;3;3;50000;0.00196828;-0.0511677;-0.00523124;-0.0734054;0.00658392;0.00145568;0;0;-0.00341076;0.0475923;-0.0019165;-0.00353916;14.9465;0.000195079;0.000733758;0.000250634;0.000158978;0.000156472;0.000201759;0;0;0.000274808;0.000157107;0.000180494;0.000191855;59.2194;729;366;363;./sim_cue_migration_20260718_123204_47
4081372946;2500;50000;50;10;10;10;10;0.02;0;0.02;0;0.02;0;0.02;0;0.02;0;0.02;0;0;0;0;0;0.02;0;0.02;0;0.02;0;0.02;0;0.02;0.05;0.7;1;50;0;1;3;50000;0.00103303;-0.00217871;0.00131888;-0.0788797;0.00145316;-0.00190207;0;0;0.00104774;-0.0714056;-0.00250008;0.0817639;110.154;0.000193817;0.000194703;0.000192058;0.000445562;0.00022507;0.000192326;0;0;0.000161048;0.000139489;0.000211343;0.000268004;663.492;2297;1131;1166;./sim_cue_migration_20260718_123204_50
694834233;2500;50000;50;10;10;10;10;0.02;0;0.02;0;0.02;0;0.02;0;0.02;0;0.02;0;0;0;0;0;0.02;0;0.02;0;0.02;0;0.02;0;0.02;0.01;0.7;1;50;0;1;3;50000;-0.0006838;-0.00506406;0.000895764;-0.075023;0.00273431;-0.00127574;0;0;0.00144521;-0.0789173;-0.0016158;0.0965847;110.989;0.000177228;0.00017137;0.000221474;0.000219584;0.00022481;0.000216709;0;0;0.000199188;-1.00464e-05;0.000169624;5.56963e-06;263.13;2259;1146;1113;./sim_cue_migration_20260718_123204_49
2523163500;2500;50000;50;10;10;10;10;0.02;0;0.02;0;0.02;0;0.02;0;0.02;0;0.02;0;0;0;0;0;0.02;0;0.02;0;0.02;0;0.02;0;0.02;0.01;0.7;1;50;0;1;3;50000;-0.00229253;-0.00475626;0.00266468;-0.07083;0.000491693;0.00204619;0;0;0.00132313;-0.0789666;0.000281052;0.0863936;110.732;0.000200368;0.000236793;0.000240489;0.000173171;0.000170093;0.000200762;0;0;0.000159227;-5.88303e-05;0.000179471;4.95497e-05;271.907;2250;1142;1108;./sim_cue_migration_20260718_123204_1
531049173;2500;50000;50;10;10;10;10;0.02;0;0.02;0;0.02;0;0.02;0;0.02;0;0.02;0;0;0;0;0;0.02;0;0.02;0;0.02;0;0.02;0;0.02;0.05;0.7;1;50;0;1;3;50000;-0.000128357;-0.00343206;-0.000778281;-0.0782957;-0.000881205;0.00127611;0;0;-0.000895293;-0.0776353;0.000669546;0.0803276;110.36;0.000194189;0.000205383;0.000171786;0.000400908;0.000175582;0.000219737;0;0;0.000160413;0.00013326;0.000175743;0.000233475;600.297;2249;1112;1137;./sim_cue_migration_20260718_123204_2
2240800624;2500;50000;50;10;10;10;10;0.02;0;0.02;0;0.02;0;0.02;0;0.02;0;0.02;0;0;0;0;0;0.02;0;0.02;0;0.02;0;0.02;0;0.02;0.05;0.7;1;50;0;3;3;50000;-0.000930977;-0.0385142;0.000607404;-0.0800094;-0.00571153;-0.0026334;0;0;0.00432715;0.0437157;0.00193999;0.000590281;16.6992;0.000173723;0.000762781;0.000222239;0.000244856;0.000187488;0.000206491;0;0;0.000205648;0.000112582;0.000166515;0.000184056;183.293;798;405;393;./sim_cue_migration_20260718_123204_10
3664826872;2500;50000;50;10;10;10;10;0.02;0;0.02;0;0.02;0;0.02;0;0.02;0;0.02;0;0;0;0;0;0.02;0;0.02;0;0.02;0;0.02;0;0.02;0.1;0.7;1;50;0;1;3;50000;0.00253552;-0.000803966;-0.00140529;-0.072817;-0.00269825;-0.000400797;0;0;0.000925933;-0.0775081;0.000224065;0.0819695;104.818;0.000203582;0.000220493;0.000209936;0.000437178;0.000197284;0.000188767;0;0;0.000147493;0.000286676;0.00023298;0.000280528;718.001;2343;1144;1199;./sim_cue_migration_20260718_123204_3
2152390592;2500;50000;50;10;10;10;10;0.02;0;0.02;0;0.02;0;0.02;0;0.02;0;0.02;0;0;0;0;0;0.02;0;0.02;0;0.02;0;0.02;0;0.02;0.01;0.7;1;50;0;2;3;50000;0.000245751;-0.0144127;-0.00245686;-0.0743901;-0.0070145;-0.00505103;0;0;0.00332618;0.0563201;0.00165936;-0.00285915;15.9726;0.000171825;0.000441759;0.000192993;0.000396312;0.000203592;0.000239438;0;0;0.000173637;0.000316826;0.000224329;0.000175048;119.748;875;426;449;./sim_cue_migration_20260718_123204_17
553086636;2500;50000;50;10;10;10;10;0.02;0;0.02;0;0.02;0;0.02;0;0.02;0;0.02;0;0;0;0;0;0.02;0;0.02;0;0.02;0;0.02;0;0.02;0.5;0.7;1;50;0;1;3;50000;-0.000676045;-0.00397312;-0.00266022;-0.0802133;0.000918571;-0.000141504;0;0;-0.00249593;-0.0696039;0.00176019;0.0799963;105.191;0.000180145;0.000186897;0.000230418;0.000393782;0.000233552;0.000193924;0;0;0.00018539;0.000182486;0.000180979;0.000281857;445.013;2414;1206;1208;./sim_cue_migration_20260718_123204_4
2748386032;2500;50000;50;10;10;10;10;0.02;0;0.02;0;0.02;0;0.02;0;0.02;0;0.02;0;0;0;0;0;0.02;0;0.02;0;0.02;0;0.02;0;0.02;0.01;0.7;1;50;0;2;3;50000;-0.002869;-0.0296591;-0.000275942;-0.0768646;-0.000654265;0.0044901;0;0;0.00571138;0.0506152;0.0051585;0.00221895;16.0138;0.000215367;0.00066791;0.000181398;0.000237451;0.00025822;0.000181939;0;0;0.00016833;0.000160539;0.000309405;0.000210705;46.9193;870;438;432;./sim_cue_migration_20260718_123204_5
4099172417;2500;50000;50;10;10;10;10;0.02;0;0.02;0;0.02;0;0.02;0;0.02;0;0.02;0;0;0;0;0;0.02;0;0.02;0;0.02;0;0.02;0;0.02;0.5;0.7;1;50;0;2;3;50000;-0.00645381;-0.0344129;-0.00191002;-0.0744333;0.00067587;-0.00322596;0;0;0.00115718;-0.00682407;-0.00236682;0.0154023;97.2559;0.000203296;0.000729279;0.000205047;0.000222229;0.000208626;0.000208157;0;0;0.000177516;1.77806e-06;0.000177037;7.92802e-05;832.402;1774;889;885;./sim_cue_migration_20260718_123204_20
1549517040;2500;50000;50;10;10;10;10;0.02;0;0.02;0;0.02;0;0.02;0;0.02;0;0.02;0;0;0;0;0;0.02;0;0.02;0;0.02;0;0.02;0;0.02;0.05;0.7;1;50;0;2;3;50000;-0.00746505;-0.00848945;-0.00917257;-0.062187;0.00574935;-0.0213761;0;0;-0.00153932;-0.00745339;-0.00394929;0.0318113;84.8625;0.000360478;0.000216494;8.91561e-05;0.00011029;7.96204e-05;0.000219121;0;0;0.000204576;8.42301e-07;0.000173603;8.0652e-05;3658.19;1236;624;612;./sim_cue_migration_20260718_123204_6
1018371456;2500;50000;50;10;10;10;10;0.02;0;0.02;0;0.02;0;0.02;0;0.02;0;0.02;0;0;0;0;0;0.02;0;0.02;0;0.02;0;0.02;0;0.02;0.1;0.7;1;50;0;2;3;50000;-0.00745224;-0.0266994;0.000614181;-0.0691399;-0.00123783;-0.00262706;0;0;-0.00140587;0.0448553;0.00155751;0.00276866;14.629;0.000184889;0.000607515;0.000222815;0.00056263;0.000117023;0.000151423;0;0;0.000169872;0.000299424;0.000165658;0.000169874;114.827;849;397;452;./sim_cue_migration_20260718_123204_7
99000785;2500;50000;50;10;10;10;10;0.02;0;0.02;0;0.02;0;0.02;0;0.02;0;0.02;0;0;0;0;0;0.02;0;0.02;0;0.02;0;0.02;0;0.02;0.5;0.7;1;50;0;2;3;50000;-0.000732415;-0.0374251;0.000214618;-0.0786883;0.000651605;-0.00162296;0;0;0.00159953;-0.00662298;8.1685e-06;0.0135939;95.0728;0.000222972;0.000853038;0.000238179;0.000465865;0.000223988;0.000198517;0;0;0.000203591;4.93969e-06;0.000189108;7.74583e-05;1177.86;1799;869;930;./sim_cue_migration_20260718_123204_8
231900742;2500;50000;50;10;10;10;10;0.02;0;0.02;0;0.02;0;0.02;0;0.02;0;0.02;0;0;0;0;0;0.02;0;0.02;0;0.02;0;0.02;0;0.02;0.01;0.7;1;50;0;3;3;50000;0.00200056;-0.0422722;0.00294436;-0.0755979;0.000264756;-0.000178252;0;0;-0.001762;0.0435592;0.000498923;-0.00180833;15.3876;0.00018356;0.000878737;0.000202722;0.000174677;0.00019626;0.000145118;0;0;0.000209129;0.000114862;0.000135015;0.000214165;91.9428;774;388;386;./sim_cue_migration_20260718_123204_9
82349715;2500;50000;50;10;10;10;10;0.02;0;0.02;0;0.02;0;0.02;0;0.02;0;0.02;0;0;0;0;0;0.02;0;0.02;0;0.02;0;0.02;0;0.02;0.1;0.7;1;50;0;3;3;50000;-0.0058611;-0.0529286;0.00189607;-0.0788018;0.00518026;-0.00389952;0;0;0.000197738;0.0481561;0.00454543;-0.00333669;15.6522;0.000271332;0.000719159;0.000199166;0.000178138;0.00028761;0.000168136;0;0;0.000205397;0.000225891;0.0001412;0.000146193;135.405;759;382;377;./sim_cue_migration_20260718_123204_11
1119406250;2500;50000;50;10;10;10;10;0.02;0;0.02;0;0.02;0;0.02;0;0.02;0;0.02;0;0;0;0;0;0.02;0;0.02;0;0.02;0;0.02;0;0.02;0.5;0.7;1;50;0;3;3;50000;0.00158719;-0.046576;-0.00522386;-0.0762836;-0.00548751;-0.00279268;0;0;-0.000517799;0.0401538;-0.00159276;0.00182475;15.7854;0.00016133;0.000879524;0.000194432;0.000274475;0.000262575;0.000207825;0;0;0.000199466;0.000182281;0.000205938;0.000176737;181.303;783;386;397;./sim_cue_migration_20260718_123204_12
1468991131;2500;50000;50;10;10;10;10;0.02;0;0.02;0;0.02;0;0.02;0;0.02;0;0.02;0;0;0;0;0;0.02;0;0.02;0;0.02;0;0.02;0;0.02;0.01;0.7;1;50;0;1;3;50000;0.000356389;-0.00359713;0.00397487;-0.0869731;-0.000750693;-0.000374471;0;0;0.00110787;-0.0762371;0.00153847;0.0766321;119.672;0.000184553;0.000210393;0.000201346;0.000213702;0.000187534;0.000177882;0;0;0.000149785;-6.1454e-05;0.000243707;1.19442e-05;151.781;2142;1095;1047;./sim_cue_migration_20260718_123204_13
2043393638;2500;50000;50;10;10;10;10;0.02;0;0.02;0;0.02;0;0.02;0;0.02;0;0.02;0;0;0;0;0;0.02;0;0.02;0;0.02;0;0.02;0;0.02;0.1;0.7;1;50;0;1;3;50000;0.00023934;-0.00374905;0.00133748;-0.0792468;0.0012799;-1.66386e-05;0;0;0.00256;-0.0689782;0.000343356;0.0734412;105.789;0.000218381;0.000187763;0.000195749;0.000361005;0.00019031;0.000185961;0;0;0.000258725;8.23908e-05;0.000177579;0.000158884;502.793;2248;1120;1128;./sim_cue_migration_20260718_123204_15
3628485440;2500;50000;50;10;10;10;10;0.02;0;0.02;0;0.02;0;0.02;0;0.02;0;0.02;0;0;0;0;0;0.02;0;0.02;0;0.02;0;0.02;0;0.02;0.05;0.7;1;50;0;1;3;50000;-0.000259155;-0.0047396;0.00181782;-0.0744489;-0.00205554;0.00033047;0;0;-0.000470151;-0.0829767;-0.000385199;0.0784796;117.372;0.000188568;0.000172268;0.000183783;0.000194404;0.000217016;0.000224637;0;0;0.000226417;-7.13498e-05;0.000219947;-6.71047e-05;168.67;2326;1191;1135;./sim_cue_migration_20260718_123204_14
1223023284;2500;50000;50;10;10;10;10;0.02;0;0.02;0;0.02;0;0.02;0;0.02;0;0.02;0;0;0;0;0;0.02;0;0.02;0;0.02;0;0.02;0;0.02;0.5;0.7;1;50;0;1;3;50000;0.0015359;-0.000421652;0.00162581;-0.0783083;-0.00275329;-0.00132629;0;0;0.00238278;-0.0675391;0.00148597;0.0773444;108.608;0.00021719;0.000187126;0.000220097;0.000420281;0.000208576;0.000194804;0;0;0.000198484;0.000222856;0.000177544;0.000191399;563.633;2385;1183;1202;./sim_cue_migration_20260718_123204_16
597843873;2500;50000;50;10;10;10;10;0.02;0;0.02;0;0.02;0;0.02;0;0.02;0;0.02;0;0;0;0;0;0.02;0;0.02;0;0.02;0;0.02;0;0.02;0.05;0.7;1;50;0;2;3;50000;0.00263478;-0.00658922;-0.00234519;-0.0817645;-0.00583756;-0.00456217;0;0;-0.00321683;0.0413047;7.67755e-05;-0.00305405;16.3947;0.000170692;0.000226094;0.00016335;4.77737e-05;0.000211726;0.000231183;0;0;0.000221983;6.43775e-05;0.000188484;0.000211011;36.8034;907;470;437;./sim_cue_migration_20260718_123204_18
2931236024;2500;50000;50;10;10;10;10;0.02;0;0.02;0;0.02;0;0.02;0;0.02;0;0.02;0;0;0;0;0;0.02;0;0.02;0;0.02;0;0.02;0;0.02;0.1;0.7;1;50;0;2;3;50000;-0.00400103;-0.0338808;-0.00016627;-0.0745977;0.00106151;-0.00299657;0;0;0.000492569;-0.00736266;0.00166506;0.0200582;105.041;0.000179974;0.000789048;0.000163556;0.00026091;0.00023536;0.00018639;0;0;0.000143481;1.71748e-06;0.000169027;7.69262e-05;1238.28;1314;660;654;./sim_cue_migration_20260718_123204_19
1504481538;2500;50000;50;10;10;10;10;0.02;0;0.02;0;0.02;0;0.02;0;0.02;0;0.02;0;0;0;0;0;0.02;0;0.02;0;0.02;0;0.02;0;0.02;0.01;0.7;1;50;0;3;3;50000;0.000235922;-0.0277971;-0.00469692;-0.0825339;-0.00134035;-0.00321913;0;0;0.000717085;0.0548905;-0.00174603;0.00300279;15.7061;0.000240569;0.00049587;0.000197097;-0.000152283;0.000193065;0.000189525;0;0;0.000239726;6.23672e-05;0.000234003;0.000175296;44.8525;769;407;362;./sim_cue_migration_20260718_123204_81
662205584;2500;50000;50;10;10;10;10;0.02;0;0.02;0;0.02;0;0.02;0;0.02;0;0.02;0;0;0;0;0;0.02;0;0.02;0;0.02;0;0.02;0;0.02;0.05;0.7;1;50;0;3;3;50000;-0.00278819;-0.0297465;-3.649e-05;-0.0937311;0.00268896;-0.00324442;0;0;0.00552276;0.0605564;-0.0020754;-0.00370714;16.0574;0.000173289;0.00048552;0.000176485;0.00016925;0.000193879;0.000281278;0;0;0.000305424;0.00016401;0.000177564;0.000263466;55.3022;766;390;376;./sim_cue_migration_20260718_123204_82
1133144918;2500;50000;50;10;10;10;10;0.02;0;0.02;0;0.02;0;0.02;0;0.02;0;0.02;0;0;0;0;0;0.02;0;0.02;0;0.02;0;0.02;0;0.02;0.1;0.7;1;50;0;3;3;50000;0.00291619;-0.0110951;-0.00123661;-0.0770022;0.00266297;-0.00110148;0;0;0.00706723;0.049276;0.000731622;0.00165083;16.2959;0.000215853;0.000224644;0.000196657;0.000122779;0.000237974;0.000265589;0;0;0.00022785;0.000148262;0.000167816;0.000173888;189.603;757;389;368;./sim_cue_migration_20260718_123204_83
4275662926;2500;50000;50;10;10;10;10;0.02;0;0.02;0;0.02;0;0.02;0;0.02;0;0.02;0;0;0;0;0;0.02;0;0.02;0;0.02;0;0.02;0;0.02;0.5;0.7;1;50;0;3;3;50000;-0.000482959;-0.0464737;-0.00587883;-0.0809392;-0.00168269;-0.00448103;0;0;0.00111894;0.0440398;-0.000246358;1.00041e-05;15.3964;0.000155365;0.000899156;0.000148641;0.000168315;0.000214399;0.000147606;0;0;0.000198122;0.000143256;0.000299374;0.000231476;94.7159;772;390;382;./sim_cue_migration_20260718_123204_84
578511513;2500;50000;50;10;10;10;10;0.02;0;0.02;0;0.02;0;0.02;0;0.02;0;0.02;0;0;0;0;0;0.02;0;0.02;0;0.02;0;0.02;0;0.02;0.01;0.7;1;50;0;1;3;50000;-0.00122586;-0.00406182;-0.00359222;-0.0709232;-0.000628135;-0.0021028;0;0;0.000955529;-0.078716;0.00114651;0.0777582;111.035;0.000185737;0.000208215;0.000200824;0.000371311;0.000168897;0.000237481;0;0;0.000203069;0.000151418;0.00018748;0.000159068;571.729;2370;1173;1197;./sim_cue_migration_20260718_123204_85
1583711880;2500;50000;50;10;10;10;10;0.02;0;0.02;0;0.02;0;0.02;0;0.02;0;0.02;0;0;0;0;0;0.02;0;0.02;0;0.02;0;0.02;0;0.02;0.05;0.7;1;50;0;1;3;50000;0.00149328;-0.00379278;-0.00138636;-0.0882778;0.0026097;-0.00170385;0;0;9.35514e-05;-0.0671463;-0.0031551;0.0811556;111.409;0.000201707;0.000220439;0.000191866;0.000479804;0.000203651;0.000178012;0;0;0.000167888;2.01759e-05;0.000212249;0.000131147;397.884;2289;1152;1137;./sim_cue_migration_20260718_123204_86
3859416651;2500;50000;50;10;10;10;10;0.02;0;0.02;0;0.02;0;0.02;0;0.02;0;0.02;0;0;0;0;0;0.02;0;0.02;0;0.02;0;0.02;0;0.02;0.1;0.7;1;50;0;1;3;50000;-0.00298091;-0.00459443;-0.00158035;-0.0733865;-0.000516612;0.000195805;0;0;0.000809847;-0.0715281;0.000855627;0.0750858;112.258;0.000203599;0.000190035;0.000164801;0.000531558;0.0002088;0.000217224;0;0;0.000177472;0.000182228;0.00019846;0.000260811;786.259;2215;1079;1136;./sim_cue_migration_20260718_123204_87
2832304465;2500;50000;50;10;10;10;10;0.02;0;0.02;0;0.02;0;0.02;0;0.02;0;0.02;0;0;0;0;0;0.02;0;0.02;0;0.02;0;0.02;0;0.02;0.5;0.7;1;50;0;1;3;50000;-0.000370854;-0.00594382;-0.000280847;-0.0723596;0.00159215;0.000909438;0;0;0.00145283;-0.069422;-0.000408243;0.0757934;110.852;0.000198107;0.00021862;0.00024767;0.000356199;0.000171715;0.000176847;0;0;0.000172877;0.000297692;0.000170482;0.000234729;590.078;2429;1207;1222;./sim_cue_migration_20260718_123204_88
3082804285;2500;50000;50;10;10;10;10;0.02;0;0.02;0;0.02;0;0.02;0;0.02;0;0.02;0;0;0;0;0;0.02;0;0.02;0;0.02;0;0.02;0;0.02;0.01;0.7;1;50;0;2;3;50000;-0.0021339;-0.028418;-0.00315968;-0.0818798;-0.00235712;0.000740648;0;0;4.01092e-05;0.0534045;0.000535515;0.00327849;16.441;0.000184627;0.000662026;0.00023575;0.000553178;0.000177201;0.000161098;0;0;0.000201356;0.000370114;0.000175511;0.00021853;87.8991;898;442;456;./sim_cue_migration_20260718_123204_89
3239875828;2500;50000;50;10;10;10;10;0.02;0;0.02;0;0.02;0;0.02;0;0.02;0;0.02;0;0;0;0;0;0.02;0;0.02;0;0.02;0;0.02;0;0.02;0.05;0.7;1;50;0;2;3;50000;-0.00108924;-0.0102554;0.000719962;-0.0794775;0.000557504;-0.00707476;0;0;-0.00332038;0.0539699;-0.000555118;0.00477834;15.7159;0.000150641;0.000251461;0.000162089;0.000571579;0.000191218;0.00021607;0;0;0.000269078;0.000417033;0.000197358;0.000207779;127.351;859;407;452;./sim_cue_migration_20260718_123204_90
1335937026;2500;50000;50;10;10;10;10;0.02;0;0.02;0;0.02;0;0.02;0;0.02;0;0.02;0;0;0;0;0;0.02;0;0.02;0;0.02;0;0.02;0;0.02;0.1;0.7;1;50;0;1;3;50000;0.000148646;-0.00627474;0.00196817;-0.0703515;-0.000644501;-0.00149419;0;0;0.00104065;-0.0780683;-0.00202393;0.0959053;108.768;0.000194995;0.00019873;0.000241583;0.000335709;0.000238848;0.000184707;0;0;0.00018978;0.000184834;0.000247774;0.000339017;652.019;2362;1163;1199;./sim_cue_migration_20260718_123204_51
3035574223;2500;50000;50;10;10;10;10;0.02;0;0.02;0;0.02;0;0.02;0;0.02;0;0.02;0;0;0;0;0;0.02;0;0.02;0;0.02;0;0.02;0;0.02;0.5;0.7;1;50;0;1;3;50000;-0.00252844;-0.00508267;-0.00158643;-0.105099;0.000320744;-0.000109377;0;0;-0.000928454;-0.0529884;-0.00056854;0.0843222;102.691;0.000216544;0.000183874;0.000187376;0.000624538;0.000173025;0.000207643;0;0;0.000220169;6.20769e-05;0.000225468;0.000169338;258.327;2375;1208;1167;./sim_cue_migration_20260718_123204_52
2847458735;2500;50000;50;10;10;10;10;0.02;0;0.02;0;0.02;0;0.02;0;0.02;0;0.02;0;0;0;0;0;0.02;0;0.02;0;0.02;0;0.02;0;0.02;0.01;0.7;1;50;0;2;3;50000;-0.00615362;-0.0352576;-0.00091122;-0.07195;-0.000822776;0.00194829;0;0;-0.00274595;0.0424809;0.00405527;0.00164435;15.8684;0.000183979;0.00066355;0.000246429;0.000353315;0.000146536;0.000193364;0;0;0.000148122;0.000190548;0.000160241;0.000160452;50.6213;927;455;472;./sim_cue_migration_20260718_123204_53
3360475013;2500;50000;50;10;10;10;10;0.02;0;0.02;0;0.02;0;0.02;0;0.02;0;0.02;0;0;0;0;0;0.02;0;0.02;0;0.02;0;0.02;0;0.02;0.05;0.7;1;50;0;2;3;50000;0.000602054;-0.0131262;-0.00357864;-0.0831953;-0.00035312;-0.000551993;0;0;-0.00171575;0.0641289;0.00122062;-0.000143373;16.5631;0.000172201;0.000345802;0.000278853;6.66541e-05;0.00021155;0.000156646;0;0;0.00018822;0.000193092;0.000181892;0.000247919;44.4936;824;422;402;./sim_cue_migration_20260718_123204_54
2970118303;2500;50000;50;10;10;10;10;0.02;0;0.02;0;0.02;0;0.02;0;0.02;0;0.02;0;0;0;0;0;0.02;0;0.02;0;0.02;0;0.02;0;0.02;0.1;0.7;1;50;0;2;3;50000;0.00436923;-0.0207714;-7.24093e-05;-0.082369;0.00267539;-0.00580187;0;0;0.000851221;0.0508389;0.00098712;-0.000210399;16.3844;0.0002707;0.000488759;0.000203172;8.61526e-05;0.000199848;0.000208375;0;0;0.000187962;0.000161041;0.000191078;0.000169322;77.0411;900;460;440;./sim_cue_migration_20260718_123204_55
2658287134;2500;50000;50;10;10;10;10;0.02;0;0.02;0;0.02;0;0.02;0;0.02;0;0.02;0;0;0;0;0;0.02;0;0.02;0;0.02;0;0.02;0;0.02;0.5;0.7;1;50;0;2;3;50000;-0.00225124;-0.0486353;0.000835699;-0.075822;-0.00115999;-0.00332891;0;0;0.00149062;-0.00700564;-0.000791525;0.0149457;96.7653;0.000183644;0.000800517;0.000176881;0.000227504;0.000154685;0.000214598;0;0;0.000196932;3.52855e-06;0.00021265;6.51878e-05;949.553;1777;886;891;./sim_cue_migration_20260718_123204_56
2374091646;2500;50000;50;10;10;10;10;0.02;0;0.02;0;0.02;0;0.02;0;0.02;0;0.02;0;0;0;0;0;0.02;0;0.02;0;0.02;0;0.02;0;0.02;0.01;0.7;1;50;0;3;3;50000;-0.002568;-0.0338465;-0.00134758;-0.0760961;0.00365327;-0.0011621;0;0;-0.00166024;0.0493106;0.00159335;-0.00197657;15.1369;0.000238058;0.000622038;0.000211625;3.28009e-05;0.000194134;0.000189592;0;0;0.00020487;0.000105744;0.000228639;0.000175193;51.6037;723;372;351;./sim_cue_migration_20260718_123204_57
1611491195;2500;50000;50;10;10;10;10;0.02;0;0.02;0;0.02;0;0.02;0;0.02;0;0.02;0;0;0;0;0;0.02;0;0.02;0;0.02;0;0.02;0;0.02;0.05;0.7;1;50;0;3;3;50000;0.0021858;-0.035741;-0.00268292;-0.092575;0.000609907;-0.00735237;0;0;-0.000311176;0.0526208;-0.000625355;0.00025156;16.3184;0.000185358;0.000601538;0.000236409;0.000274898;0.000239625;0.000249615;0;0;0.000228182;0.000246255;0.000232819;0.000227089;140.012;760;377;383;./sim_cue_migration_20260718_123204_58
2314431047;2500;50000;50;10;10;10;10;0.02;0;0.02;0;0.02;0;0.02;0;0.02;0;0.02;0;0;0;0;0;0.02;0;0.02;0;0.02;0;0.02;0;0.02;0.1;0.7;1;50;0;3;3;50000;0.000396191;-0.0356504;-0.0016981;-0.0719856;-0.00278313;-0.00285746;0;0;0.00270501;0.0438225;0.00281271;-0.00250529;14.8614;0.000184325;0.00110496;0.000194089;0.000308407;0.000302177;0.000162376;0;0;0.000160207;0.000225203;0.000171057;0.000219742;98.3205;736;356;380;./sim_cue_migration_20260718_123204_59
1343618296;2500;50000;50;10;10;10;10;0.02;0;0.02;0;0.02;0;0.02;0;0.02;0;0.02;0;0;0;0;0;0.02;0;0.02;0;0.02;0;0.02;0;0.02;0.5;0.7;1;50;0;3;3;50000;-0.00047809;-0.0314558;-0.00105377;-0.0744253;-0.00325982;0.000327628;0;0;-0.00125596;0.0512294;-0.000387652;0.00401338;13.9297;0.000204131;0.000902432;0.000149193;0.000540648;0.000177871;0.000126156;0;0;0.000182281;0.000378484;0.000189958;0.00015148;60.9404;768;367;401;./sim_cue_migration_20260718_123204_60
3342372859;2500;50000;50;10;10;10;10;0.02;0;0.02;0;0.02;0;0.02;0;0.02;0;0.02;0;0;0;0;0;0.02;0;0.02;0;0.02;0;0.02;0;0.02;0.1;0.7;1;50;0;1;3;50000;-0.000953923;-0.00328858;-0.00199315;-0.0901821;-0.00135784;0.000490915;0;0;-0.0020681;-0.069715;-0.00240801;0.0823139;114.318;0.000164447;0.000208907;0.000186393;0.000431363;0.000207441;0.000225025;0;0;0.000194906;4.45833e-05;0.000227814;9.68715e-05;360.478;2305;1161;1144;./sim_cue_migration_20260718_123204_111
3602882082;2500;50000;50;10;10;10;10;0.02;0;0.02;0;0.02;0;0.02;0;0.02;0;0.02;0;0;0;0;0;0.02;0;0.02;0;0.02;0;0.02;0;0.02;0.5;0.7;1;50;0;1;3;50000;0.00387627;-0.00601058;-0.000823239;-0.0742253;0.00552159;-0.00116119;0;0;-0.00117458;-0.0770568;-0.000208943;0.0822914;107.669;0.000204346;0.000268239;0.00021638;0.000125216;0.00020024;0.000208469;0;0;0.000178474;0.000101655;0.000188262;0.00013132;223.218;2423;1237;1186;./sim_cue_migration_20260718_123204_112
2109347648;2500;50000;50;10;10;10;10;0.02;0;0.02;0;0.02;0;0.02;0;0.02;0;0.02;0;0;0;0;0;0.02;0;0.02;0;0.02;0;0.02;0;0.02;0.01;0.7;1;50;0;2;3;50000;0.00188467;-0.0390062;-0.00023415;-0.0672897;0.00402198;0.00104033;0;0;-0.00463835;0.0398683;0.000331011;0.000296095;14.2981;0.000212438;0.000887255;0.000197539;0.000581843;0.000163425;0.00015918;0;0;0.000242658;0.000233496;0.000193031;0.00015444;60.598;926;430;496;./sim_cue_migration_20260718_123204_113
3043571816;2500;50000;50;10;10;10;10;0.02;0;0.02;0;0.02;0;0.02;0;0.02;0;0.02;0;0;0;0;0;0.02;0;0.02;0;0.02;0;0.02;0;0.02;0.05;0.7;1;50;0;2;3;50000;-0.00126836;-0.0327262;-0.00464298;-0.080553;-0.00361167;0.00117947;0;0;-0.000513269;0.0518317;0.000899886;0.00250132;16.1598;0.000252093;0.000923338;0.000240095;0.000504362;0.000195186;0.000186859;0;0;0.000167671;0.000240967;0.000174273;0.000148392;89.6925;901;441;460;./sim_cue_migration_20260718_123204_114
3288069688;2500;50000;50;10;10;10;10;0.02;0;0.02;0;0.02;0;0.02;0;0.02;0;0.02;0;0;0;0;0;0.02;0;0.02;0;0.02;0;0.02;0;0.02;0.1;0.7;1;50;0;2;3;50000;-0.000571559;-0.057984;-0.000667288;-0.0741986;-0.00491043;-0.002503;0;0;-0.00221077;0.0528068;-0.00122532;0.00230773;16.4787;0.000229912;0.00113094;0.00025132;0.000132454;0.000239459;0.000156666;0;0;0.000191299;0.000183204;0.000162614;0.000130114;67.3144;894;464;430;./sim_cue_migration_20260718_123204_115
3338882821;2500;50000;50;10;10;10;10;0.02;0;0.02;0;0.02;0;0.02;0;0.02;0;0.02;0;0;0;0;0;0.02;0;0.02;0;0.02;0;0.02;0;0.02;0.5;0.7;1;50;0;2;3;50000;-0.00264098;-0.0404047;-0.00137846;-0.0888056;-0.00226005;0.00117267;0;0;-0.00144927;-0.00680076;-0.00222935;0.0096887;104.662;0.000212364;0.000821018;0.000206801;0.000425596;0.000152503;0.000161607;0;0;0.000254538;2.09798e-06;0.000238264;7.18644e-05;768.231;1735;870;865;./sim_cue_migration_20260718_123204_116
1959349487;2500;50000;50;10;10;10;10;0.02;0;0.02;0;0.02;0;0.02;0;0.02;0;0.02;0;0;0;0;0;0.02;0;0.02;0;0.02;0;0.02;0;0.02;0.01;0.7;1;50;0;3;3;50000;-0.00342456;-0.0359148;0.00107392;-0.0842075;0.000841653;-0.00720552;0;0;-0.00391913;0.0516378;-0.00564704;0.00298818;16.6016;0.000174677;0.000761814;0.000221557;-0.000281253;0.000290338;0.000355958;0;0;0.000198514;-1.60413e-05;0.000264533;0.000174369;38.2397;738;396;342;./sim_cue_migration_20260718_123204_117
3626053774;2500;50000;50;10;10;10;10;0.02;0;0.02;0;0.02;0;0.02;0;0.02;0;0.02;0;0;0;0;0;0.02;0;0.02;0;0.02;0;0.02;0;0.02;0.05;0.7;1;50;0;3;3;50000;0.00087429;-0.0301456;0.00127548;-0.0893541;0.00219559;-0.000635667;0;0;0.0011262;0.0522303;-0.00161926;0.00183486;15.1158;0.000186611;0.000517;0.000190905;0.000426809;0.000191796;0.00024051;0;0;0.000114939;0.000299639;0.000186945;0.000174101;106.345;751;367;384;./sim_cue_migration_20260718_123204_118
2483336422;2500;50000;50;10;10;10;10;0.02;0;0.02;0;0.02;0;0.02;0;0.02;0;0.02;0;0;0;0;0;0.02;0;0.02;0;0.02;0;0.02;0;0.02;0.1;0.7;1;50;0;3;3;50000;-0.00845474;-0.05884;-0.00471592;-0.0761831;-0.00369548;0.000648437;0;0;-0.00157429;0.0514251;0.00269591;-0.000381976;14.9249;0.000299128;0.001348;0.000220998;0.000140133;0.000185689;0.00018763;0;0;0.000206533;0.000178188;0.000191551;0.000176095;81.943;759;385;374;./sim_cue_migration_20260718_123204_119
3462925998;2500;50000;50;10;10;10;10;0.02;0;0.02;0;0.02;0;0.02;0;0.02;0;0.02;0;0;0;0;0;0.02;0;0.02;0;0.02;0;0.02;0;0.02;0.5;0.7;1;50;0;3;3;50000;-0.00101887;-0.0219443;-0.00547835;-0.0823138;0.00138301;0.00286642;0;0;0.00432627;0.0564563;-0.00151222;-0.00230555;16.2659;0.000163091;0.000388549;0.0001795;0.000376264;0.000182599;0.000154396;0;0;0.000253089;0.000402435;0.000198993;0.000145556;193.454;737;361;376;./sim_cue_migration_20260718_123204_120
1207002201;2500;50000;50;10;10;10;10;0.02;0;0.02;0;0.02;0;0.02;0;0.02;0;0.02;0;0;0;0;0;0.02;0;0.02;0;0.02;0;0.02;0;0.02;0.01;0.7;1;50;0;3;3;50000;-0.00410781;-0.0362874;-0.00243462;-0.0782091;0.00163334;0.00141681;0;0;0.00524224;0.0536043;-0.000552412;0.000162052;14.4329;0.000165739;0.000827604;0.000193108;0.000304967;0.000227617;0.000125978;0;0;0.00013581;0.000276775;0.000205473;0.000320155;95.252;767;376;391;./sim_cue_migration_20260718_123204_21
1415707037;2500;50000;50;10;10;10;10;0.02;0;0.02;0;0.02;0;0.02;0;0.02;0;0.02;0;0;0;0;0;0.02;0;0.02;0;0.02;0;0.02;0;0.02;0.05;0.7;1;50;0;3;3;50000;-0.00412303;-0.0151924;-0.00464566;-0.0896432;0.000415439;-0.00569691;0;0;-0.00304157;0.0537707;0.00435388;-0.000345368;16.6123;0.000150101;0.000352101;0.000189651;0.000127474;0.000176552;0.000233373;0;0;0.000160157;0.000219545;0.000204353;0.000223136;84.9219;748;378;370;./sim_cue_migration_20260718_123204_22
858268876;2500;50000;50;10;10;10;10;0.02;0;0.02;0;0.02;0;0.02;0;0.02;0;0.02;0;0;0;0;0;0.02;0;0.02;0;0.02;0;0.02;0;0.02;0.1;0.7;1;50;0;3;3;50000;-0.00458361;-0.0346329;0.00260689;-0.0831207;-0.000313538;0.00184468;0;0;-0.00386178;0.0549095;0.00204818;-0.00271677;14.9584;0.000173612;0.000745987;0.000249204;-9.1521e-05;0.000212417;0.000170919;0;0;0.00017625;0.000126963;0.000157098;0.000247164;88.5569;793;412;381;./sim_cue_migration_20260718_123204_23
2291847793;2500;50000;50;10;10;10;10;0.02;0;0.02;0;0.02;0;0.02;0;0.02;0;0.02;0;0;0;0;0;0.02;0;0.02;0;0.02;0;0.02;0;0.02;0.5;0.7;1;50;0;3;3;50000;-0.00475386;-0.0132653;0.000776767;-0.0797589;-0.00141127;-0.00320991;0;0;0.000619298;0.0544051;0.000300885;0.00343559;16.5125;0.000156603;0.000257632;0.00026168;-0.000177441;0.000333881;0.00028103;0;0;0.000198361;8.537e-05;0.000189431;9.9033e-05;184.205;718;380;338;./sim_cue_migration_20260718_123204_24
2744237337;2500;50000;50;10;10;10;10;0.02;0;0.02;0;0.02;0;0.02;0;0.02;0;0.02;0;0;0;0;0;0.02;0;0.02;0;0.02;0;0.02;0;0.02;0.01;0.7;1;50;0;1;3;50000;-0.000774258;-0.00327981;0.000497814;-0.0712923;-0.000763672;-0.00113168;0;0;-0.0010294;-0.0794707;0.000963828;0.084338;114.121;0.00020389;0.000175003;0.0002041;0.000283162;0.0002118;0.000171971;0;0;0.000197816;2.97592e-05;0.000192851;0.000158958;489.395;2292;1149;1143;./sim_cue_migration_20260718_123204_25
1179333725;2500;50000;50;10;10;10;10;0.02;0;0.02;0;0.02;0;0.02;0;0.02;0;0.02;0;0;0;0;0;0.02;0;0.02;0;0.02;0;0.02;0;0.02;0.05;0.7;1;50;0;1;3;50000;0.00346636;-0.0017551;-0.002967;-0.0827037;0.000166637;0.00084145;0;0;0.00174404;-0.0766958;-0.00254381;0.0800432;118.274;0.000182907;0.000197752;0.000230476;0.000492525;0.000183434;0.000195247;0;0;0.000188012;8.63792e-05;0.000186723;0.000125341;486.733;2293;1145;1148;./sim_cue_migration_20260718_123204_26
3432524790;2500;50000;50;10;10;10;10;0.02;0;0.02;0;0.02;0;0.02;0;0.02;0;0.02;0;0;0;0;0;0.02;0;0.02;0;0.02;0;0.02;0;0.02;0.1;0.7;1;50;0;1;3;50000;0.00188502;-0.00552238;0.000919209;-0.078354;-0.000990684;-0.000493132;0;0;0.000267601;-0.0795188;0.00194911;0.0924525;118.332;0.000210383;0.000182102;0.00018423;0.000264633;0.000217085;0.000206709;0;0;0.000235001;-0.000142078;0.000221498;-2.66711e-05;98.9963;2184;1127;1057;./sim_cue_migration_20260718_123204_27
2468989626;2500;50000;50;10;10;10;10;0.02;0;0.02;0;0.02;0;0.02;0;0.02;0;0.02;0;0;0;0;0;0.02;0;0.02;0;0.02;0;0.02;0;0.02;0.5;0.7;1;50;0;1;3;50000;-0.000660352;-0.00147853;-0.000223836;-0.0715798;0.00108842;-0.00103915;0;0;0.00116166;-0.071721;0.000527334;0.0800711;103.488;0.000229604;0.000208763;0.000180319;0.000319139;0.000189281;0.000197558;0;0;0.000169336;0.000270717;0.000231939;0.000240759;569.084;2413;1194;1219;./sim_cue_migration_20260718_123204_28
619580172;2500;50000;50;10;10;10;10;0.02;0;0.02;0;0.02;0;0.02;0;0.02;0;0.02;0;0;0;0;0;0.02;0;0.02;0;0.02;0;0.02;0;0.02;0.01;0.7;1;50;0;2;3;50000;0.00160631;-0.026405;-0.00262421;-0.0819651;0.00287102;-0.00236781;0;0;6.2746e-05;0.0631969;-0.00165608;-0.00192663;15.7454;0.000243536;0.000687585;0.000196689;7.52165e-05;0.000159072;0.000220958;0;0;0.000178068;0.000342936;0.000156476;0.000268747;42.8102;864;441;423;./sim_cue_migration_20260718_123204_29
204140687;2500;50000;50;10;10;10;10;0.02;0;0.02;0;0.02;0;0.02;0;0.02;0;0.02;0;0;0;0;0;0.02;0;0.02;0;0.02;0;0.02;0;0.02;0.05;0.7;1;50;0;2;3;50000;0.000672531;-0.0279649;-0.0046211;-0.0824698;-0.00122652;0.00169969;0;0;-0.001979;0.0663304;-0.0011851;-0.00125857;16.8009;0.00025525;0.000656886;0.000265416;0.000252643;0.000160899;0.000186229;0;0;0.000252991;0.000329541;0.0001645;0.00019032;120.868;864;436;428;./sim_cue_migration_20260718_123204_30
